Evaluation Parameter,Bitcoin Core (Legacy),Ethereum 2.0 (Gasper),Solana,Quantum Resistant Ledger (QRL),Algorand (PQC State Proofs),Hyperledger Fabric (PQC MSP),Q-ArmorDLT (Proposed Architecture)
Primary Signature Algorithm,ECDSA (secp256k1),"Execution: ECDSA; Consensus: BLS12-381",Ed25519,Extended Merkle Signature Scheme (XMSS),"Falcon-512 (State Proofs) + Ed25519 (Tx)",ML-DSA-87 / Kyber-1024,"Hierarchical: Falcon-512 (Tx) + Recursive STARK Aggregation"
Quantum Resistance Level,None (0-bit; Broken by Shor's),None (0-bit; Broken by Shor's),None (0-bit),"High (Hash-based Category 5)",Partial (Only State Proofs are PQC),High (NIST Level 5),"Maximum (NIST Level 5 Lattice + Info-Theoretic QKD)"
Effective Per-Tx Signature Size,64 bytes,"64 bytes (Tx) / 96 bytes (Consensus)",64 bytes,2500 bytes (XMSS Tree),666 bytes (Falcon),4595 bytes (ML-DSA),"< 4.2 bytes (Amortized via STARK Rollup)"
Lattice Signature Aggregation,N/A,"Classical BLS Only (O(1))",N/A,"None (Linear O(N))","None (Linear O(N))","None (Linear O(N))","Full Recursive STARK Lattice Aggregation (O(1))"
Statefulness Risk (Key Reuse),Catastrophic if key exposed,Catastrophic,Catastrophic,"Severe (Wallet sync loss exposes sk)",Stateless (Falcon),Stateless (ML-DSA),"Completely Stateless & State-Desynchronization Proof"
Mempool Front-Running (MEV) Defense,None (Public Cleartext),None (Flashbots Relay Dependent),None (Public Cleartext),None (Public Cleartext),None (VRF Selection),Access Controlled,"Mathematical MEV Immunity (Threshold ML-KEM-1024 Blind Mempool)"
Confidential Smart Contract Execution,None,None (Cleartext EVM),None,None,None,Private Data Collections,"Leveled-FHE (Ring-LWE BGV/CKKS with SIMD GPU Pipeline)"
Block Sealing & Finality Security,Computational PoW (SHA-256),Computational PoS (BLS Signatures),Computational PoH + BFT,Computational PoS (XMSS),Computational PPoS + VRF,Computational Raft/BFT,"Information-Theoretically Secure QKD One-Time Pad Sealing"
State Commitment Data Structure,Merkle-Patricia Tree (SHA-256),Merkle-Patricia Tree (Keccak-256),AccountsDB Merkle Tree,Merkle Tree,Compact Sum-Tree,State DB Hash,"Lattice Vector Commitment (Module-SIS Constant-Size Proofs)"
State Witness Proof Size for Light Clients,~2.4 KB (O(log N)),~3.2 KB (O(log N)),~4.1 KB,~3.8 KB,~1.2 KB,~2.1 KB,"< 680 Bytes Constant (O(1))"
Theoretical Peak Layer-1/L2 TPS,~7 TPS,~15-30 TPS (L1),~65000 TPS,~20 TPS,~10000 TPS,~3500 TPS,"> 15000 TPS (STARK Aggregate + Parallel WebGPU NTT)"
Annual Chain Growth Rate (10M Tx/day),~1.8 GB/year,~2.1 GB/year,~3.5 TB/year,~9.8 GB/year,~4.2 GB/year,~18.5 GB/year,"< 0.65 GB/year (Compressed via LVC & STARKs)"
Hardware Dependencies,Classical CPU/ASIC,"Classical CPU / 32 ETH Node",High-End Multi-Core + NVMe,Standard Consumer PC,Standard Validator Hardware,Standard Enterprise Server,"Commodity Consumer Node for L1 + Optional QKD for Validator Mesh"
SNDL (Store-Now-Decrypt-Later) Protection,None,None,None,None,None,Partial,"Full NIST Level 5 Lattice KEM + Post-Quantum AEAD"
Account Abstraction Migration Path,Complex Soft/Hard Fork,"ERC-4337 (Pre-Quantum only)",Hard Fork,Native Hash Chain,Native Hybrid State Proofs,Modular MSP Update,"ERC-4337 Dual-Verification PQC Alt-Mempool (Zero-Downtime)"
Post-Quantum Standard Compliance,Non-Compliant,Non-Compliant,Non-Compliant,RFC 8391 / SP 800-208,Candidate (Falcon),NIST FIPS 203/204,"NIST FIPS 203 (ML-KEM) FIPS 204 (ML-DSA) Falcon & ETSI QKD"
